200000,David,Costigan,davidc,273c81a3faaffcfea2e7dcbf64252d,20110327,20120327,20110427,0,david.costigan@vodafone.com,,,A,Y,,4000,1,LOCAL,,N
200001,David,Mulligan,davidm,436856c97cbad53336d4f8cabb2de9,20110327,20120327,20110427,0,david.mulligan@vodafone.com,,,A,Y,,4000,1,LOCAL,,N
200002,Keith,O'Sullivan,keith,8dd9fa632ca161d0ca1929a4d99cbe77,20110327,20120327,20110427,0,Keith.OSullivan@vodafone.com,,,A,Y,,4000,1,LOCAL,,N
200003,Dermot,Fitzgerald,dermot,d08035103b63c07a14bf8d507595aa7,20110327,20120327,20110427,0,dermot.fitzgerald@vodafone.com,,,A,Y,,4000,1,LOCAL,,N
200004,Helen,Daly,helen,7a2eb41a38a8f4e39c1586649da21e5f,20110327,20120327,20110427,0,helen.daly@vodafone.com,,,A,Y,,4000,1,LOCAL,,N
200005,Liam,Russell,liam,6d8c4d103f90154cc06dd75a71d061be,20110327,20120327,20110427,0,liam.russell@vodafone.com,,,A,Y,,4000,1,LOCAL,,N
200006,John,Bagge,john,527bd5b5d689e2c32ae974c6229ff785,20110327,20120327,20110427,0,john.bagge@vodafone.com,,,A,Y,,4000,1,LOCAL,,N
